"studentId","name","email","phone","address"
"113","Kara Snider","karasnider@geeketron.com","+91 (964) 421-2466","926 Kent Avenue,Wildwood,Montana,9002"
"168","Horn Fuller","hornfuller@geeketron.com","+91 (973) 461-2455","349 Estate Road,Vaughn,Ohio,8411"
"317","Addie Summers","addiesummers@geeketron.com","+91 (875) 523-3306","152 Henry Street,Nutrioso,American Samoa,8799"
"20","Soto Velez","sotovelez@geeketron.com","+91 (941) 553-3052","620 Wyckoff Avenue,Martinez,Missouri,8590"
"587","Dionne Chan","dionnechan@geeketron.com","+91 (815) 572-2055","398 Church Avenue,Bridgetown,Louisiana,5647"
"669","Huber Rodriquez","huberrodriquez@geeketron.com","+91 (925) 456-3790","548 Norwood Avenue,Dunnavant,Massachusetts,2696"
"606","Rose Hinton","rosehinton@geeketron.com","+91 (983) 451-2542","707 Cameron Court,Southmont,Maryland,612"
"518","Reese Gilbert","reesegilbert@geeketron.com","+91 (968) 591-2553","294 Onderdonk Avenue,Ventress,Nebraska,7420"
"677","Curtis Christian","curtischristian@geeketron.com","+91 (893) 446-3619","314 Fairview Place,Imperial,New Jersey,3028"
"318","Bowers Mcfadden","bowersmcfadden@geeketron.com","+91 (854) 451-2796","900 Belmont Avenue,Virgie,Iowa,666"
"377","Giles York","gilesyork@geeketron.com","+91 (830) 488-3847","317 Portal Street,Islandia,West Virginia,5465"
"441","Ratliff Serrano","ratliffserrano@geeketron.com","+91 (904) 484-2476","523 Hamilton Walk,Gila,Kentucky,5172"
"509","Angelica Burt","angelicaburt@geeketron.com","+91 (802) 538-3812","192 Roder Avenue,Alderpoint,Arizona,6770"
"257","Gloria Bonner","gloriabonner@geeketron.com","+91 (992) 548-3920","531 Hoyts Lane,Grimsley,Puerto Rico,2412"
"682","Georgina Estes","georginaestes@geeketron.com","+91 (832) 563-3834","943 Vandam Street,Mahtowa,Federated States Of Micronesia,5046"
"661","Justice Austin","justiceaustin@geeketron.com","+91 (930) 529-2374","706 Humboldt Street,Needmore,Pennsylvania,9213"
"627","Dickerson Espinoza","dickersonespinoza@geeketron.com","+91 (997) 590-3861","256 Canal Avenue,Topanga,Idaho,6328"
"483","Tran Hartman","tranhartman@geeketron.com","+91 (862) 471-3690","423 Cleveland Street,Chase,Hawaii,4346"
"395","Shelia Frost","sheliafrost@geeketron.com","+91 (954) 439-3559","949 Locust Street,Cazadero,North Dakota,2405"
"423","Mildred Merritt","mildredmerritt@geeketron.com","+91 (818) 429-3649","614 Sumpter Street,Carrsville,Mississippi,7639"
"423","Terrie Russell","terrierussell@geeketron.com","+91 (904) 558-3930","955 Highland Boulevard,Harmon,Georgia,2292"
"490","Barbra Cox","barbracox@geeketron.com","+91 (819) 445-3810","924 Horace Court,Cochranville,Texas,2993"
"684","Tabatha Kelley","tabathakelley@geeketron.com","+91 (871) 528-2117","159 Raleigh Place,Gadsden,Delaware,559"
"2","Watkins Wright","watkinswright@geeketron.com","+91 (871) 449-2974","930 Clifford Place,Yettem,Alabama,7457"
"526","Mallory Underwood","malloryunderwood@geeketron.com","+91 (854) 494-3315","698 Division Avenue,Glenbrook,Utah,3500"
"56","Jimmie Burnett","jimmieburnett@geeketron.com","+91 (996) 433-2335","760 Crooke Avenue,Oretta,South Carolina,1701"
"384","Matthews Howard","matthewshoward@geeketron.com","+91 (910) 456-2250","506 Conselyea Street,Cetronia,Florida,7831"
"131","Hull Stevenson","hullstevenson@geeketron.com","+91 (813) 556-2524","514 Farragut Place,Harborton,Connecticut,5781"
"107","Branch Ayala","branchayala@geeketron.com","+91 (941) 588-2047","173 Bokee Court,Rowe,Marshall Islands,6235"
"538","Duke Livingston","dukelivingston@geeketron.com","+91 (927) 473-3031","574 Love Lane,Monument,Guam,7888"
"42","Hewitt Davenport","hewittdavenport@geeketron.com","+91 (975) 417-3072","268 Village Road,Watrous,Maine,6152"
"226","Haynes Bowen","haynesbowen@geeketron.com","+91 (939) 559-3501","563 Montauk Avenue,Advance,Rhode Island,7298"
"168","Bowen Payne","bowenpayne@geeketron.com","+91 (880) 520-3668","275 Plaza Street,Draper,Indiana,3681"
"604","Susie Green","susiegreen@geeketron.com","+91 (993) 401-3177","243 Ralph Avenue,Wadsworth,Palau,7363"
"217","Albert Maddox","albertmaddox@geeketron.com","+91 (893) 505-3968","420 President Street,Babb,Minnesota,7817"
"640","Roseann Head","roseannhead@geeketron.com","+91 (907) 514-2418","115 Locust Avenue,Belmont,California,3001"
"150","Deana Vazquez","deanavazquez@geeketron.com","+91 (941) 462-2944","562 Dover Street,Machias,Oklahoma,8896"
"62","Baxter Saunders","baxtersaunders@geeketron.com","+91 (848) 564-3153","573 Olive Street,Cecilia,Nevada,3516"
"505","Brown Houston","brownhouston@geeketron.com","+91 (840) 562-3794","466 Durland Place,Belfair,Alaska,2875"
"645","Abigail Randolph","abigailrandolph@geeketron.com","+91 (998) 600-3729","249 Himrod Street,Caron,Virgin Islands,2233"
"5","Zamora Manning","zamoramanning@geeketron.com","+91 (880) 433-2448","817 Bowne Street,Oceola,Oregon,826"
"679","Walsh Powell","walshpowell@geeketron.com","+91 (862) 559-3045","109 Clifton Place,Oberlin,Tennessee,1673"
"431","Huff Golden","huffgolden@geeketron.com","+91 (952) 555-2626","667 Colonial Road,Eden,Colorado,3243"
"470","Hayes Coleman","hayescoleman@geeketron.com","+91 (838) 477-3659","331 Saratoga Avenue,Malott,North Carolina,8927"
"488","Alberta Pratt","albertapratt@geeketron.com","+91 (809) 587-2212","507 Fountain Avenue,Lindisfarne,Kansas,6927"
"643","Nixon Arnold","nixonarnold@geeketron.com","+91 (809) 591-2272","318 Lefferts Avenue,Harold,New Hampshire,8200"
"76","Conway Morrow","conwaymorrow@geeketron.com","+91 (844) 523-2228","147 Ferris Street,Harviell,Wyoming,5686"
"254","Flowers Kidd","flowerskidd@geeketron.com","+91 (924) 476-2937","195 Boerum Street,Summertown,New Mexico,2195"
"685","Mcconnell Klein","mcconnellklein@geeketron.com","+91 (939) 550-2820","284 Gates Avenue,Nicholson,Michigan,1694"
"555","Mari Cleveland","maricleveland@geeketron.com","+91 (972) 411-3463","715 Mersereau Court,Martell,District Of Columbia,7490"
"405","Lauri Lawson","laurilawson@geeketron.com","+91 (902) 583-3522","899 Jodie Court,Bellfountain,Arkansas,2069"
"473","Stuart Howe","stuarthowe@geeketron.com","+91 (912) 513-3830","113 Covert Street,Wheaton,Wisconsin,6556"
"117","Lorraine Dickerson","lorrainedickerson@geeketron.com","+91 (822) 517-2776","923 Newel Street,Darlington,Northern Mariana Islands,3070"
"445","Morrison Barrett","morrisonbarrett@geeketron.com","+91 (892) 499-3154","631 Gallatin Place,Gilmore,New York,6050"
"534","Morrow Blackburn","morrowblackburn@geeketron.com","+91 (873) 581-3795","243 Tompkins Place,Sena,Illinois,2780"
"147","Annie Sellers","anniesellers@geeketron.com","+91 (922) 401-2772","443 Stone Avenue,Tivoli,South Dakota,7263"
"324","Laurel Wilkerson","laurelwilkerson@geeketron.com","+91 (945) 517-3695","265 Eaton Court,Dorneyville,Virginia,7988"
"212","Chapman Jackson","chapmanjackson@geeketron.com","+91 (807) 489-3728","651 Elm Place,Ticonderoga,Vermont,3541"
"38","Murray Gray","murraygray@geeketron.com","+91 (918) 589-3585","523 Walker Court,Catherine,Montana,2309"
"603","Maritza Galloway","maritzagalloway@geeketron.com","+91 (849) 508-2156","381 Morton Street,Cornucopia,Ohio,9354"
"22","Bartlett Wolf","bartlettwolf@geeketron.com","+91 (954) 436-3313","942 Tudor Terrace,Cotopaxi,American Samoa,4171"
"48","Schmidt Shelton","schmidtshelton@geeketron.com","+91 (905) 523-2391","779 Montauk Court,Summerset,Missouri,1774"
"360","Enid Gardner","enidgardner@geeketron.com","+91 (978) 526-2410","529 Metrotech Courtr,Neahkahnie,Louisiana,2167"
"339","Ronda Bentley","rondabentley@geeketron.com","+91 (914) 559-3678","504 Poly Place,Kenvil,Massachusetts,4959"
"599","Pratt Sanford","prattsanford@geeketron.com","+91 (812) 516-2292","142 Creamer Street,Oley,Maryland,4839"
"590","Molly Kane","mollykane@geeketron.com","+91 (947) 455-3635","776 Bergen Place,Camas,Nebraska,7095"
"379","Lilly Downs","lillydowns@geeketron.com","+91 (915) 597-3545","195 Adams Street,Maxville,New Jersey,2518"
"367","Bush Harris","bushharris@geeketron.com","+91 (904) 518-2195","541 Hanover Place,Temperanceville,Iowa,3808"
"59","Dillon Hebert","dillonhebert@geeketron.com","+91 (889) 439-2120","409 Dumont Avenue,Harrison,West Virginia,9411"
"536","Lawanda Morris","lawandamorris@geeketron.com","+91 (826) 572-2700","797 Cedar Street,Greenock,Kentucky,2240"
"512","Dolores Joyce","doloresjoyce@geeketron.com","+91 (900) 558-2086","224 Bliss Terrace,Tyhee,Arizona,6107"
"6","Sue Brennan","suebrennan@geeketron.com","+91 (901) 495-2951","758 Halleck Street,Grandview,Puerto Rico,6463"
"602","Jeanie Roberts","jeanieroberts@geeketron.com","+91 (866) 411-2009","684 Seaview Court,Newcastle,Federated States Of Micronesia,166"
"636","Jannie Browning","janniebrowning@geeketron.com","+91 (893) 599-3011","456 Barwell Terrace,Farmington,Pennsylvania,7334"
"29","Sadie Torres","sadietorres@geeketron.com","+91 (850) 500-3312","680 Oxford Walk,Ahwahnee,Idaho,6156"
"172","Helena Carey","helenacarey@geeketron.com","+91 (973) 552-3987","142 Rodney Street,Austinburg,Hawaii,2010"
"22","Dalton Guerrero","daltonguerrero@geeketron.com","+91 (977) 568-3631","240 National Drive,Juntura,North Dakota,348"
"148","Marcia Guy","marciaguy@geeketron.com","+91 (880) 536-2679","235 Roebling Street,Craig,Mississippi,4621"
"557","Stokes Sampson","stokessampson@geeketron.com","+91 (907) 449-2101","350 Montana Place,Clay,Georgia,5406"
"198","Osborn Frye","osbornfrye@geeketron.com","+91 (905) 572-2294","332 Noll Street,Hilltop,Texas,6946"
"65","Essie Wilkins","essiewilkins@geeketron.com","+91 (810) 528-3060","533 Amber Street,Hardyville,Delaware,6435"
"156","Myrtle Cherry","myrtlecherry@geeketron.com","+91 (990) 530-3910","295 Kane Street,Durham,Alabama,868"
"84","Madeline Maxwell","madelinemaxwell@geeketron.com","+91 (820) 441-3600","277 Terrace Place,Fowlerville,Utah,6193"
"193","Booker Slater","bookerslater@geeketron.com","+91 (868) 479-3815","107 Taaffe Place,Innsbrook,South Carolina,2538"
"196","Thompson Dean","thompsondean@geeketron.com","+91 (940) 527-2919","490 Hanson Place,Torboy,Florida,2563"
"117","Blevins Haley","blevinshaley@geeketron.com","+91 (857) 457-2216","286 Huron Street,Warren,Connecticut,1715"
"32","Cooper Richardson","cooperrichardson@geeketron.com","+91 (819) 539-3074","383 Harway Avenue,Otranto,Marshall Islands,5286"
"631","Corina Gilmore","corinagilmore@geeketron.com","+91 (873) 568-2123","218 Debevoise Street,Skyland,Guam,8282"
"60","Merritt Lloyd","merrittlloyd@geeketron.com","+91 (902) 571-3691","245 Concord Street,Thermal,Maine,8695"
"97","Marsha Cooke","marshacooke@geeketron.com","+91 (955) 505-3281","953 Grace Court,Barrelville,Rhode Island,1044"
"238","Susanna Wilcox","susannawilcox@geeketron.com","+91 (955) 535-2049","728 Classon Avenue,Valmy,Indiana,5456"
"259","Middleton Petersen","middletonpetersen@geeketron.com","+91 (998) 509-2355","363 Ridge Boulevard,Coventry,Palau,5717"
"213","Ann Dickson","anndickson@geeketron.com","+91 (969) 473-3789","126 Bay Street,Grayhawk,Minnesota,4548"
"506","Mendez Molina","mendezmolina@geeketron.com","+91 (927) 473-3507","913 Herkimer Place,Calvary,California,8610"
"509","Beard Kirk","beardkirk@geeketron.com","+91 (826) 459-3757","142 Reed Street,Eggertsville,Oklahoma,495"
"335","Mcclure Wheeler","mcclurewheeler@geeketron.com","+91 (996) 567-2095","281 Congress Street,Ballico,Nevada,5592"
"214","Ina Douglas","inadouglas@geeketron.com","+91 (904) 498-3431","226 Forbell Street,Sisquoc,Alaska,639"
"541","Yang Mcintosh","yangmcintosh@geeketron.com","+91 (842) 409-2362","131 Rogers Avenue,Albrightsville,Virgin Islands,2975"
"113","Deanne Noble","deannenoble@geeketron.com","+91 (902) 424-3951","124 Division Place,Stewartville,Oregon,8528"
"648","Weiss Walls","weisswalls@geeketron.com","+91 (826) 552-3219","393 Church Lane,Whipholt,Tennessee,3687"
"553","Hudson Mcfarland","hudsonmcfarland@geeketron.com","+91 (826) 427-2326","968 Suydam Street,Linganore,Colorado,9876"
"322","Diaz Gillespie","diazgillespie@geeketron.com","+91 (919) 524-3484","684 Seagate Avenue,Dyckesville,North Carolina,6971"
"381","Clark Diaz","clarkdiaz@geeketron.com","+91 (846) 544-2783","355 Beach Place,Sultana,Kansas,925"
"351","Ballard Woods","ballardwoods@geeketron.com","+91 (808) 477-2736","448 Crawford Avenue,Lodoga,New Hampshire,6279"
"152","Contreras Sanders","contrerassanders@geeketron.com","+91 (951) 581-2404","392 Cyrus Avenue,Hollins,Wyoming,7300"
"329","Samantha Vaughan","samanthavaughan@geeketron.com","+91 (821) 531-3313","554 Jerome Avenue,Worton,New Mexico,3838"
"517","Ericka Estrada","erickaestrada@geeketron.com","+91 (914) 428-2795","957 Waldane Court,Faywood,Michigan,2877"
"437","Oneill Tanner","oneilltanner@geeketron.com","+91 (866) 503-2605","929 Bushwick Place,Gorham,District Of Columbia,5912"
"358","June Knox","juneknox@geeketron.com","+91 (907) 406-3934","745 Dearborn Court,Rote,Arkansas,9375"
"567","Olive Adams","oliveadams@geeketron.com","+91 (995) 496-3570","884 Meadow Street,Shasta,Wisconsin,125"
"71","Phyllis Chen","phyllischen@geeketron.com","+91 (938) 515-3588","699 Moore Place,Orin,Northern Mariana Islands,5630"
"269","Elise Chavez","elisechavez@geeketron.com","+91 (889) 585-2615","182 Tapscott Avenue,Greenbackville,New York,6998"
"266","Dunlap Holder","dunlapholder@geeketron.com","+91 (987) 451-2612","803 Crescent Street,Caledonia,Illinois,6341"
"40","Gaines Farley","gainesfarley@geeketron.com","+91 (880) 450-3890","381 Ridgecrest Terrace,Allentown,South Dakota,4258"
"697","Judith Clay","judithclay@geeketron.com","+91 (874) 425-3666","744 Tillary Street,Wolcott,Virginia,2866"
"685","Muriel Guzman","murielguzman@geeketron.com","+91 (843) 597-3793","194 Anthony Street,Beaverdale,Vermont,2327"
"91","Eula Cardenas","eulacardenas@geeketron.com","+91 (833) 473-2340","896 Manhattan Court,Emison,Montana,228"
"563","Kirk Drake","kirkdrake@geeketron.com","+91 (974) 462-3968","844 Johnson Street,Coral,Ohio,8178"
"70","Corine Yates","corineyates@geeketron.com","+91 (814) 568-3275","788 Bleecker Street,Rockingham,American Samoa,9193"
"371","Harrell Mack","harrellmack@geeketron.com","+91 (893) 476-3801","648 Perry Place,Beechmont,Missouri,6593"
"328","Cote Bradshaw","cotebradshaw@geeketron.com","+91 (903) 435-3836","997 Glen Street,Canoochee,Louisiana,6909"
"570","George Watson","georgewatson@geeketron.com","+91 (916) 575-2320","343 Buffalo Avenue,Boyd,Massachusetts,5354"
"52","Burton Ruiz","burtonruiz@geeketron.com","+91 (985) 449-3049","961 McDonald Avenue,Drummond,Maryland,2575"
"553","Guadalupe Osborne","guadalupeosborne@geeketron.com","+91 (803) 442-3841","257 Montgomery Street,Beason,Nebraska,1313"
"607","Ayers Tran","ayerstran@geeketron.com","+91 (867) 506-2073","701 Baughman Place,Tonopah,New Jersey,6009"
"343","Garrett Parker","garrettparker@geeketron.com","+91 (913) 433-3614","338 Thames Street,Takilma,Iowa,3628"
"209","Nichols Mccoy","nicholsmccoy@geeketron.com","+91 (812) 503-3908","632 Virginia Place,Longbranch,West Virginia,805"
"363","Yolanda Hull","yolandahull@geeketron.com","+91 (986) 546-2542","819 Royce Street,Wiscon,Kentucky,1130"
"140","Vazquez Hurley","vazquezhurley@geeketron.com","+91 (806) 472-2905","450 Jerome Street,Williams,Arizona,4001"
"155","Brady Delaney","bradydelaney@geeketron.com","+91 (886) 600-3095","738 Highland Avenue,Gwynn,Puerto Rico,3725"
"528","Finch Hooper","finchhooper@geeketron.com","+91 (891) 446-3964","453 Duffield Street,Harleigh,Federated States Of Micronesia,8596"
"421","Lesley Pacheco","lesleypacheco@geeketron.com","+91 (831) 502-2918","497 Seigel Court,Genoa,Pennsylvania,8056"
"60","Rosella Long","rosellalong@geeketron.com","+91 (907) 563-3361","310 Schenck Place,Crumpler,Idaho,8611"
"641","Ernestine Pace","ernestinepace@geeketron.com","+91 (950) 440-2692","663 Times Placez,Croom,Hawaii,4362"
"59","Cristina Fitzgerald","cristinafitzgerald@geeketron.com","+91 (888) 506-3852","754 Lewis Avenue,Morningside,North Dakota,4012"
"408","Kline Sweeney","klinesweeney@geeketron.com","+91 (889) 584-4000","411 Commerce Street,Graball,Mississippi,1758"
"637","Randi Barrera","randibarrera@geeketron.com","+91 (986) 440-3155","444 Aviation Road,Santel,Georgia,9896"
"248","Nicholson Simpson","nicholsonsimpson@geeketron.com","+91 (817) 420-3046","833 Pleasant Place,Tibbie,Texas,1633"
"612","Melissa Castro","melissacastro@geeketron.com","+91 (937) 482-3305","563 Cooke Court,Downsville,Delaware,6428"
"16","Nash Melendez","nashmelendez@geeketron.com","+91 (887) 500-2360","794 Boynton Place,Ruffin,Alabama,4599"
"353","Bradshaw Hopkins","bradshawhopkins@geeketron.com","+91 (843) 460-3108","972 Thatford Avenue,Lynn,Utah,3766"
"105","Hopkins Gates","hopkinsgates@geeketron.com","+91 (961) 518-2753","874 Stillwell Place,Wanship,South Carolina,1685"
"242","Marcella Hoover","marcellahoover@geeketron.com","+91 (940) 578-2797","182 Bay Parkway,Homeland,Florida,1858"
"200","Mandy Mcmahon","mandymcmahon@geeketron.com","+91 (814) 571-3493","324 Rutledge Street,Idamay,Connecticut,9084"
"405","Barrett Garrison","barrettgarrison@geeketron.com","+91 (898) 589-3521","686 Arkansas Drive,Detroit,Marshall Islands,6287"
"359","Neva Mosley","nevamosley@geeketron.com","+91 (960) 596-2721","870 Stryker Court,Whitehaven,Guam,4944"
"341","Mccall Phillips","mccallphillips@geeketron.com","+91 (833) 447-2334","832 Reeve Place,Helen,Maine,8525"
"44","Brianna Cummings","briannacummings@geeketron.com","+91 (946) 456-3944","301 Clinton Avenue,Fulford,Rhode Island,3177"
"154","Boone Kerr","boonekerr@geeketron.com","+91 (966) 437-3166","454 Alton Place,Succasunna,Indiana,4543"
"471","Kerry Deleon","kerrydeleon@geeketron.com","+91 (868) 582-3765","862 Dunne Place,Lloyd,Palau,2798"
"345","Brigitte Bryant","brigittebryant@geeketron.com","+91 (933) 446-3769","916 Malbone Street,Rosedale,Minnesota,9639"
"134","Kirby Heath","kirbyheath@geeketron.com","+91 (925) 409-3521","515 Sapphire Street,Marienthal,California,2459"
"338","Augusta Cole","augustacole@geeketron.com","+91 (926) 505-3435","933 Aitken Place,Ironton,Oklahoma,1950"
"98","Christy Ratliff","christyratliff@geeketron.com","+91 (954) 411-3482","961 Lott Street,Johnsonburg,Nevada,3197"
"493","Guy Fry","guyfry@geeketron.com","+91 (912) 493-2666","637 Lefferts Place,Loomis,Alaska,5245"
"683","Isabella Rivers","isabellarivers@geeketron.com","+91 (966) 432-2285","205 Ditmars Street,Grazierville,Virgin Islands,9053"
"94","Mann Luna","mannluna@geeketron.com","+91 (898) 560-2765","412 Woodbine Street,Venice,Oregon,3646"
"367","Craft Maynard","craftmaynard@geeketron.com","+91 (849) 512-3534","613 Irving Street,Cavalero,Tennessee,1230"
"666","Elisabeth Flowers","elisabethflowers@geeketron.com","+91 (811) 544-2327","771 Leonard Street,Veyo,Colorado,8613"
"166","Jody Osborn","jodyosborn@geeketron.com","+91 (922) 564-3531","989 Essex Street,Forestburg,North Carolina,5671"
"1","Lakisha Skinner","lakishaskinner@geeketron.com","+91 (964) 493-2988","872 Lenox Road,Elwood,Kansas,583"
"470","Lindsey Franks","lindseyfranks@geeketron.com","+91 (983) 477-3069","446 Arlington Avenue,Kipp,New Hampshire,9848"
"123","Espinoza Beck","espinozabeck@geeketron.com","+91 (922) 561-2213","964 Banner Avenue,Ryderwood,Wyoming,2196"
"4","Beatrice Meyer","beatricemeyer@geeketron.com","+91 (845) 493-2270","756 Christopher Avenue,Loyalhanna,New Mexico,3738"
"661","Bright Vaughn","brightvaughn@geeketron.com","+91 (929) 546-2488","855 Kensington Street,Dotsero,Michigan,196"
"468","Agnes Hanson","agneshanson@geeketron.com","+91 (940) 414-3257","874 Bridge Street,Deercroft,District Of Columbia,2046"
"697","Sandy Pearson","sandypearson@geeketron.com","+91 (896) 463-3722","174 Independence Avenue,Marne,Arkansas,313"
"646","Manuela Brock","manuelabrock@geeketron.com","+91 (915) 541-3408","304 Sutton Street,Windsor,Wisconsin,6754"
"16","Hancock Castillo","hancockcastillo@geeketron.com","+91 (994) 417-2150","310 Middagh Street,Shrewsbury,Northern Mariana Islands,3543"
"496","Bridgett Lee","bridgettlee@geeketron.com","+91 (942) 507-2958","178 Adelphi Street,Richville,New York,3418"
"578","Louisa Weber","louisaweber@geeketron.com","+91 (904) 524-3581","503 Tilden Avenue,Edgar,Illinois,4192"
"14","Lidia English","lidiaenglish@geeketron.com","+91 (922) 505-3466","889 Chester Street,Bend,South Dakota,9860"
"660","Natasha Baxter","natashabaxter@geeketron.com","+91 (915) 522-3373","857 Belvidere Street,Romeville,Virginia,2287"
"640","Earnestine Chandler","earnestinechandler@geeketron.com","+91 (926) 566-3270","835 Chestnut Avenue,Gloucester,Vermont,5829"
"560","Dora Moses","doramoses@geeketron.com","+91 (944) 451-3832","954 Clarendon Road,Chestnut,Montana,7828"
"278","Roxanne Hendrix","roxannehendrix@geeketron.com","+91 (980) 515-2075","947 Doughty Street,Fairview,Ohio,5648"
"522","Randolph Cunningham","randolphcunningham@geeketron.com","+91 (931) 595-3693","573 Sands Street,Edenburg,American Samoa,2818"
"573","Lara Carter","laracarter@geeketron.com","+91 (991) 506-2330","737 Dekoven Court,Talpa,Missouri,9838"
"116","Bolton Haney","boltonhaney@geeketron.com","+91 (951) 556-3716","983 Kensington Walk,Homeworth,Louisiana,4183"
"614","Collier Riley","collierriley@geeketron.com","+91 (913) 555-2241","115 Lincoln Road,Norwood,Massachusetts,3424"
"203","Bobbi Chase","bobbichase@geeketron.com","+91 (951) 539-2689","588 Columbus Place,Klagetoh,Maryland,8534"
"550","Jenny Sims","jennysims@geeketron.com","+91 (817) 543-2653","220 Village Court,Allensworth,Nebraska,3321"
"460","Sellers Sloan","sellerssloan@geeketron.com","+91 (993) 404-2023","548 Hendrix Street,Goodville,New Jersey,4409"
"230","Klein Richard","kleinrichard@geeketron.com","+91 (866) 555-2325","681 Varanda Place,Rivereno,Iowa,4916"
"624","Porter Thornton","porterthornton@geeketron.com","+91 (806) 565-2173","502 Herkimer Court,Emory,West Virginia,8819"
"492","Crystal Mcbride","crystalmcbride@geeketron.com","+91 (936) 460-2721","866 Stratford Road,Columbus,Kentucky,5315"
"519","Wilder Newton","wildernewton@geeketron.com","+91 (825) 439-2057","960 Bennet Court,Galesville,Arizona,4798"
"70","Velasquez Mckee","velasquezmckee@geeketron.com","+91 (804) 505-3420","329 Dare Court,Chemung,Puerto Rico,6470"
"538","Evans Petty","evanspetty@geeketron.com","+91 (838) 517-2474","171 Matthews Place,Marion,Federated States Of Micronesia,3662"
"401","Hart Alvarez","hartalvarez@geeketron.com","+91 (976) 535-3515","174 Hampton Avenue,Tioga,Pennsylvania,812"
"344","Jimenez Tillman","jimeneztillman@geeketron.com","+91 (907) 491-3740","859 Strong Place,Mansfield,Idaho,9591"
"655","Berg Hopper","berghopper@geeketron.com","+91 (898) 543-3886","197 Doscher Street,Nicut,Hawaii,414"
"518","Winnie Leonard","winnieleonard@geeketron.com","+91 (892) 480-2863","219 Tehama Street,Steinhatchee,North Dakota,9881"
"111","Geneva Higgins","genevahiggins@geeketron.com","+91 (837) 577-2247","193 Whitwell Place,Springhill,Mississippi,1510"
"643","Erickson Collins","ericksoncollins@geeketron.com","+91 (826) 566-3708","854 Ludlam Place,Dola,Georgia,9438"
"90","Harriett Bender","harriettbender@geeketron.com","+91 (908) 409-3487","651 Forrest Street,Waiohinu,Texas,7255"
"204","Ellen Morin","ellenmorin@geeketron.com","+91 (958) 521-2510","729 Kingsland Avenue,Worcester,Delaware,9282"
"401","Mavis Nielsen","mavisnielsen@geeketron.com","+91 (970) 477-2924","215 Lawn Court,Lopezo,Alabama,1600"
"360","Adrienne Grant","adriennegrant@geeketron.com","+91 (995) 450-3165","693 Bay Avenue,Denio,Utah,1237"
"89","Susanne Rich","susannerich@geeketron.com","+91 (862) 424-3836","912 Court Street,Kaka,South Carolina,3058"
"667","Hines West","hineswest@geeketron.com","+91 (867) 502-3162","274 Cambridge Place,Russellville,Florida,4869"
"350","Cochran Bradford","cochranbradford@geeketron.com","+91 (898) 400-3605","190 Monaco Place,Castleton,Connecticut,7006"
"410","Barnes Cote","barnescote@geeketron.com","+91 (967) 420-2743","875 Vermont Court,Osmond,Marshall Islands,8158"
"304","Janell Giles","janellgiles@geeketron.com","+91 (950) 440-2241","247 Cook Street,Bawcomville,Guam,4570"
"363","Angel Montoya","angelmontoya@geeketron.com","+91 (938) 514-2450","725 Rockaway Parkway,Nipinnawasee,Maine,1519"
"211","Riggs Hicks","riggshicks@geeketron.com","+91 (880) 489-2091","625 Bridgewater Street,Kirk,Rhode Island,8182"
"251","Park Pollard","parkpollard@geeketron.com","+91 (859) 521-2484","389 Evergreen Avenue,Conestoga,Indiana,177"
"262","Kristy Holland","kristyholland@geeketron.com","+91 (911) 491-3069","563 Everett Avenue,Chilton,Palau,222"
"172","Jacqueline Solomon","jacquelinesolomon@geeketron.com","+91 (868) 529-3848","494 Wilson Avenue,Robinette,Minnesota,7883"
"22","Haley Massey","haleymassey@geeketron.com","+91 (874) 484-3409","424 Orient Avenue,Holtville,California,5149"
"88","Thornton Salinas","thorntonsalinas@geeketron.com","+91 (877) 437-3628","719 Mermaid Avenue,Waukeenah,Oklahoma,250"
"83","Ursula Levy","ursulalevy@geeketron.com","+91 (931) 427-3389","340 Willmohr Street,Enoree,Nevada,3636"
"417","Cook Cohen","cookcohen@geeketron.com","+91 (839) 464-3959","704 Jewel Street,Ilchester,Alaska,9257"
"266","Hampton Macdonald","hamptonmacdonald@geeketron.com","+91 (967) 452-3423","387 Duryea Place,Elfrida,Virgin Islands,6172"
"125","Jo Lara","jolara@geeketron.com","+91 (967) 489-2723","481 Alabama Avenue,Brady,Oregon,9790"
"447","Atkinson Holloway","atkinsonholloway@geeketron.com","+91 (957) 592-2028","749 Kaufman Place,Chamizal,Tennessee,3815"
"173","Ferguson Ball","fergusonball@geeketron.com","+91 (898) 495-3470","963 Ridgewood Avenue,Cartwright,Colorado,6468"
"612","Lucinda Craft","lucindacraft@geeketron.com","+91 (959) 402-3156","782 Seacoast Terrace,Lindcove,North Carolina,7809"
"683","Debra Noel","debranoel@geeketron.com","+91 (897) 530-2475","221 Judge Street,Rew,Kansas,4237"
"149","Benson Randall","bensonrandall@geeketron.com","+91 (952) 462-3235","751 Pierrepont Place,Datil,New Hampshire,1217"
"294","Margo Whitley","margowhitley@geeketron.com","+91 (876) 407-3043","714 Nassau Avenue,Farmers,Wyoming,9326"
"244","Callahan Dorsey","callahandorsey@geeketron.com","+91 (860) 494-3664","430 Livonia Avenue,Hessville,New Mexico,2611"
"614","Mcmillan Hendricks","mcmillanhendricks@geeketron.com","+91 (847) 476-2026","441 Ovington Court,Manchester,Michigan,2522"
"555","Viola Kennedy","violakennedy@geeketron.com","+91 (975) 596-3592","924 Pitkin Avenue,Fannett,District Of Columbia,6699"
"160","Karina Jacobson","karinajacobson@geeketron.com","+91 (971) 403-2348","944 Preston Court,Sexton,Arkansas,2790"
"212","Marie Albert","mariealbert@geeketron.com","+91 (973) 548-2395","857 Jackson Place,Orason,Wisconsin,3660"
"299","Leigh Gentry","leighgentry@geeketron.com","+91 (969) 580-3289","887 Minna Street,Smeltertown,Northern Mariana Islands,9407"
"294","Mai Wilder","maiwilder@geeketron.com","+91 (899) 511-3299","752 Bragg Street,Rodanthe,New York,918"
"29","Summers Palmer","summerspalmer@geeketron.com","+91 (992) 427-2264","511 Beaumont Street,Outlook,Illinois,4750"
"193","Burris Foley","burrisfoley@geeketron.com","+91 (994) 584-2658","909 Louise Terrace,Epworth,South Dakota,7661"
"626","Celia Acosta","celiaacosta@geeketron.com","+91 (877) 566-2242","996 Perry Terrace,Wyano,Virginia,4842"
"180","Celina Hensley","celinahensley@geeketron.com","+91 (992) 445-3145","119 Scholes Street,Freetown,Vermont,8436"
"465","Kari Mckinney","karimckinney@geeketron.com","+91 (974) 530-2851","270 Fillmore Place,Staples,Montana,9882"
"573","Chaney Burke","chaneyburke@geeketron.com","+91 (943) 566-2733","145 Clara Street,Sanders,Ohio,8366"
"459","Claudia Fernandez","claudiafernandez@geeketron.com","+91 (885) 452-2921","284 Monument Walk,Sunbury,American Samoa,2088"
"597","Sheryl Carver","sherylcarver@geeketron.com","+91 (811) 464-3653","162 Butler Street,Elizaville,Missouri,6379"
"43","Salazar Clayton","salazarclayton@geeketron.com","+91 (879) 549-2150","358 Prospect Avenue,Connerton,Louisiana,2989"
"375","John Mills","johnmills@geeketron.com","+91 (971) 431-3106","781 Caton Place,Spelter,Massachusetts,9574"
"99","Whitley Dotson","whitleydotson@geeketron.com","+91 (802) 547-3830","291 Merit Court,Wilmington,Maryland,1787"
"50","Hilary Barton","hilarybarton@geeketron.com","+91 (961) 539-3479","137 Story Street,Coyote,Nebraska,1034"
"8","Marion Rowe","marionrowe@geeketron.com","+91 (989) 426-2968","478 Pineapple Street,Dragoon,New Jersey,2377"
"267","Luisa Mooney","luisamooney@geeketron.com","+91 (831) 403-3284","938 Marconi Place,Vandiver,Iowa,5040"
"409","Bentley Cook","bentleycook@geeketron.com","+91 (817) 452-3936","935 Lawrence Avenue,Sanford,West Virginia,398"
"185","Winters Moore","wintersmoore@geeketron.com","+91 (871) 568-2670","992 Elliott Walk,Waterloo,Kentucky,7147"
"541","Pansy Bullock","pansybullock@geeketron.com","+91 (960) 546-3211","828 Calder Place,Stockdale,Arizona,1056"
"396","Crawford Lott","crawfordlott@geeketron.com","+91 (960) 476-2011","726 Baycliff Terrace,Cressey,Puerto Rico,2399"
"566","Francesca Carr","francescacarr@geeketron.com","+91 (943) 533-2742","897 India Street,Selma,Federated States Of Micronesia,6131"
"244","Baird Rojas","bairdrojas@geeketron.com","+91 (936) 560-3424","799 Louisa Street,Cumminsville,Pennsylvania,2451"
"414","Joanna Welch","joannawelch@geeketron.com","+91 (976) 522-3042","658 Banker Street,Crawfordsville,Idaho,5245"
"632","Sandra Munoz","sandramunoz@geeketron.com","+91 (901) 580-2092","520 Cadman Plaza,Madaket,Hawaii,5750"
"538","Huffman Griffith","huffmangriffith@geeketron.com","+91 (951) 528-3067","278 Norfolk Street,Darbydale,North Dakota,3254"
"270","Johnson Barber","johnsonbarber@geeketron.com","+91 (997) 590-2100","778 Fenimore Street,Dahlen,Mississippi,2465"
"29","Sweet Zimmerman","sweetzimmerman@geeketron.com","+91 (952) 452-2556","494 Bevy Court,Klondike,Georgia,1025"
"536","Erica Carrillo","ericacarrillo@geeketron.com","+91 (976) 504-2093","151 Brighton Avenue,Brutus,Texas,4872"
"634","Alana Valenzuela","alanavalenzuela@geeketron.com","+91 (945) 416-3410","483 Vandalia Avenue,Blanco,Delaware,4578"
"386","Flossie Goodman","flossiegoodman@geeketron.com","+91 (861) 538-2991","203 Furman Street,Freeburn,Alabama,5055"
"357","Pace Lawrence","pacelawrence@geeketron.com","+91 (919) 447-3997","755 Cobek Court,Caroline,Utah,3190"
"290","Wiley Valentine","wileyvalentine@geeketron.com","+91 (857) 453-3010","249 Gunnison Court,Mapletown,South Carolina,6409"
"592","Lily Gibbs","lilygibbs@geeketron.com","+91 (849) 567-3938","121 Quay Street,Chumuckla,Florida,171"
"335","Lancaster Blankenship","lancasterblankenship@geeketron.com","+91 (828) 593-2280","809 Hornell Loop,Noxen,Connecticut,8988"
"391","Francis Henderson","francishenderson@geeketron.com","+91 (871) 555-3372","592 Dorset Street,Haring,Marshall Islands,9418"
"88","Mayer Daniel","mayerdaniel@geeketron.com","+91 (851) 496-2554","210 Cheever Place,Knowlton,Guam,7308"
"627","Tonya Bernard","tonyabernard@geeketron.com","+91 (956) 567-3622","141 Liberty Avenue,Stagecoach,Maine,7912"
"250","Jillian Curtis","jilliancurtis@geeketron.com","+91 (902) 435-3401","117 Lorraine Street,Wikieup,Rhode Island,6387"
"204","Langley May","langleymay@geeketron.com","+91 (840) 465-2006","114 Coyle Street,Grill,Indiana,2483"
"426","Freda Warren","fredawarren@geeketron.com","+91 (893) 529-2379","348 Lynch Street,Swartzville,Palau,2115"
"282","Christi Morse","christimorse@geeketron.com","+91 (998) 544-2883","492 Newport Street,Trail,Minnesota,8513"
"458","Henderson Vasquez","hendersonvasquez@geeketron.com","+91 (922) 492-3225","295 Oakland Place,Levant,California,2956"
"508","Church Cochran","churchcochran@geeketron.com","+91 (974) 459-3977","768 Maple Street,Northridge,Oklahoma,3990"
"620","Tommie Hatfield","tommiehatfield@geeketron.com","+91 (920) 489-3666","792 Nassau Street,Roland,Nevada,2062"
"180","Joy Blanchard","joyblanchard@geeketron.com","+91 (920) 490-2449","519 Florence Avenue,Wawona,Alaska,2811"
"262","Terra Rowland","terrarowland@geeketron.com","+91 (812) 462-2675","820 Herkimer Street,Soham,Virgin Islands,6729"
"134","Pickett Harding","pickettharding@geeketron.com","+91 (817) 447-3476","788 Nolans Lane,Courtland,Oregon,5079"
"502","Chen Holmes","chenholmes@geeketron.com","+91 (970) 400-2166","918 Franklin Street,Shawmut,Tennessee,852"
"260","Carolyn Duncan","carolynduncan@geeketron.com","+91 (816) 571-3216","776 Lacon Court,Condon,Colorado,6563"
"296","Maryanne Melton","maryannemelton@geeketron.com","+91 (877) 424-2114","683 Montieth Street,Keyport,North Carolina,1778"
"512","Camacho Butler","camachobutler@geeketron.com","+91 (939) 575-2159","941 Hewes Street,Irwin,Kansas,6303"
"37","Conrad Battle","conradbattle@geeketron.com","+91 (929) 559-3474","122 Murdock Court,Gratton,New Hampshire,9879"
"2","Shelley Hawkins","shelleyhawkins@geeketron.com","+91 (862) 492-3097","701 Kay Court,Ezel,Wyoming,8210"
"619","Yvonne Koch","yvonnekoch@geeketron.com","+91 (840) 527-2630","894 Montrose Avenue,Garnet,New Mexico,6777"
"3","Whitaker Charles","whitakercharles@geeketron.com","+91 (957) 481-3470","619 Remsen Street,Winchester,Michigan,6821"
"358","Luz Malone","luzmalone@geeketron.com","+91 (967) 570-3203","448 Remsen Avenue,Mayfair,District Of Columbia,2867"
"524","Mcneil Vega","mcneilvega@geeketron.com","+91 (830) 426-3476","156 Bogart Street,Longoria,Arkansas,5697"
"632","Cathleen Bush","cathleenbush@geeketron.com","+91 (846) 448-2638","751 Jamaica Avenue,Grenelefe,Wisconsin,1828"
"309","Holt Mccormick","holtmccormick@geeketron.com","+91 (985) 406-3452","437 Union Avenue,Corinne,Northern Mariana Islands,687"
"346","Pat Dyer","patdyer@geeketron.com","+91 (894) 447-2939","901 Fay Court,Vernon,New York,6034"
"567","Parks Wiley","parkswiley@geeketron.com","+91 (829) 490-2676","819 Decatur Street,Rivers,Illinois,3335"
"260","Hunter Anthony","hunteranthony@geeketron.com","+91 (885) 442-3306","740 Newkirk Avenue,Coldiron,South Dakota,345"
"450","Wright Wallace","wrightwallace@geeketron.com","+91 (825) 462-2058","658 Lawrence Street,Odessa,Virginia,213"
"693","Jessie Myers","jessiemyers@geeketron.com","+91 (984) 597-3776","269 Henderson Walk,Woodburn,Vermont,8643"
"19","Mitchell Ewing","mitchellewing@geeketron.com","+91 (849) 404-3480","370 Chauncey Street,Norvelt,Montana,1647"
"503","Olson Vang","olsonvang@geeketron.com","+91 (858) 425-2238","603 Schermerhorn Street,Gerton,Ohio,1968"
"552","Livingston Meadows","livingstonmeadows@geeketron.com","+91 (975) 567-2564","369 Navy Walk,Evergreen,American Samoa,1260"
"521","Graham Bradley","grahambradley@geeketron.com","+91 (939) 447-2327","452 Wolf Place,Brandywine,Missouri,2431"
"174","Millie Miranda","milliemiranda@geeketron.com","+91 (869) 431-2859","975 Ide Court,Bergoo,Louisiana,4412"
"500","Wilma Conrad","wilmaconrad@geeketron.com","+91 (968) 524-3739","532 Ridgewood Place,Sunriver,Massachusetts,9145"
"565","Marta Andrews","martaandrews@geeketron.com","+91 (918) 552-2603","926 Sedgwick Street,Lorraine,Maryland,5120"
"581","Meredith Hayes","meredithhayes@geeketron.com","+91 (899) 484-2893","342 Chapel Street,Keller,Nebraska,1755"
"364","Gregory Hughes","gregoryhughes@geeketron.com","+91 (893) 561-2729","486 Broadway ,Fairmount,New Jersey,3437"
"266","Lena Briggs","lenabriggs@geeketron.com","+91 (825) 475-2161","937 Vandervoort Place,Vivian,Iowa,8882"
"132","Joseph Hill","josephhill@geeketron.com","+91 (925) 434-3652","579 Doone Court,Manitou,West Virginia,2356"
"443","April Short","aprilshort@geeketron.com","+91 (880) 557-2556","885 Powell Street,Cawood,Kentucky,4001"
"271","Cecilia Dominguez","ceciliadominguez@geeketron.com","+91 (907) 425-2130","568 Noel Avenue,Gouglersville,Arizona,6304"
"166","Peterson Huber","petersonhuber@geeketron.com","+91 (928) 442-2257","676 Bryant Street,Hiwasse,Puerto Rico,4592"
"439","Hendrix Rose","hendrixrose@geeketron.com","+91 (915) 414-2544","235 Railroad Avenue,Beyerville,Federated States Of Micronesia,4176"
"292","Tracie Madden","traciemadden@geeketron.com","+91 (984) 543-2424","187 Sunnyside Court,Waverly,Pennsylvania,6750"
"443","Fernandez Nixon","fernandeznixon@geeketron.com","+91 (882) 500-2142","550 Channel Avenue,Verdi,Idaho,1888"
"28","Amie Foreman","amieforeman@geeketron.com","+91 (933) 420-3754","187 Meserole Avenue,Villarreal,Hawaii,9183"
"2","Wilcox Nunez","wilcoxnunez@geeketron.com","+91 (970) 471-2795","330 Hubbard Street,Leeper,North Dakota,7285"
"271","Bird Rogers","birdrogers@geeketron.com","+91 (825) 497-3296","694 Linden Boulevard,Camino,Mississippi,8084"
"603","Brooke Sullivan","brookesullivan@geeketron.com","+91 (810) 467-3444","964 Colin Place,Clarksburg,Georgia,2970"
"21","Ashley Robles","ashleyrobles@geeketron.com","+91 (860) 446-2491","388 Nichols Avenue,Gibbsville,Texas,8227"
"578","Ruiz Hudson","ruizhudson@geeketron.com","+91 (885) 506-2135","368 Cypress Court,Soudan,Delaware,5284"
"353","Haley Velazquez","haleyvelazquez@geeketron.com","+91 (821) 450-3905","652 Bragg Court,Hobucken,Alabama,8046"
"397","Russell Shepherd","russellshepherd@geeketron.com","+91 (868) 596-2522","924 Aurelia Court,Gasquet,Utah,464"
"499","Lucille Clarke","lucilleclarke@geeketron.com","+91 (965) 599-2670","537 Williams Avenue,Cannondale,South Carolina,1576"
